CarNumber,SURNAME
Y351O8197RUS,REYES
H917TC36RUS,ROGERS
C589EY154RUS,MORALES
K846YE77RUS,ANDERSON
X4108H125RUS,LONG
K2807K154RUS,HILL
T395KX197RUS,MYERS
7065C8197RUS,WOOD
Y275O8197RUS,RICHARDSON
9469EX178RUS,REED
K040CC197RUS,ORTIZ
M0269X197RUS,KIM
T6129O50RUS,NELSON
T6329O50RUS,LONG
7827C8197RUS,YOUNG
8611T8154RUS,SCOTT
7831C8197RUS,MURPHY
K329T8197RUS,DAVIS
X015HY197RUS,ROBERTS
M580CH197RUS,MORALES
O68897197RUS,JOHNSON
7066C8197RUS,BAILEY
T914CT197RUS,COX
O421OT161RUS,RAMIREZ
T242H8197RUS,MARTIN
92828M178RUS,MORALES
K559KC161RUS,WOOD
Y7709C197RUS,LONG
K558KC161RUS,MILLER
83218C154RUS,BAILEY
7147OE161RUS,ROSS
8166XX154RUS,HILL
8436XX154RUS,TURNER
9468EX178RUS,HARRIS
H004MH197RUS,CASTILLO
Y7449Y50RUS,SANCHEZ
9589EY178RUS,COLLINS
92928M178RUS,BAKER
T476KX197RUS,SCOTT
92918M178RUS,TORRES
Y973O8197RUS,GONZALEZ
E53277152RUS,BROWN
T6319O50RUS,ROSS
M581CH197RUS,NAME
Y358O8197RUS,BAILEY
O058M7161RUS,PRICE
X023HY197RUS,MORGAN
7199MT197RUS,WRIGHT
O02597197RUS,ANDERSON
X757HY197RUS,ROBERTS
9498KX178RUS,GREEN
Y4298M777RUS,GREEN
Y7129Y50RUS,ROBERTS
Y354O8197RUS,FOSTER
E40577152RUS,HALL
H387TM197RUS,TORRES
Y7719C197RUS,HALL
K330T8197RUS,ORTIZ
X286TC36RUS,FOSTER
Y156E877RUS,ROGERS
O752MX161RUS,MILLER
T017OX197RUS,PEREZ
T940CC96RUS,RAMOS
O481OH77RUS,HARRIS
99209X178RUS,BROOKS
Y6829Y50RUS,MORRIS
E5878M777RUS,MARTIN
E40877152RUS,WATSON
C313MM99RUS,FLORES
H234YH197RUS,FOSTER
T171CC96RUS,PARKER
84438C154RUS,FOSTER
C58078163RUS,WALKER
X255HE161RUS,RODRIGUEZ
T399KX197RUS,LEWIS
H889YK197RUS,JAMES
M701T9152RUS,BAILEY
8605T8154RUS,KELLY
E432XX77RUS,COX
9942KK197RUS,JAMES
Y780EE197RUS,WILLIAMS
H219X836RUS,ANDERSON
Y273O8197RUS,HERNANDEZ
94178K154RUS,MARTIN
E811HE77RUS,WILLIAMS
Y353O8197RUS,MORGAN
Y650E8750RUS,COOK
X786CO96RUS,WRIGHT
Y388E877RUS,ADAMS
T6439O50RUS,MARTINEZ
E0697X152RUS,ADAMS
C515X938RUS,GOMEZ
Y7689C197RUS,HARRIS
Y966O8197RUS,HALL
O39897197RUS,GUTIERREZ
Y7699C197RUS,PEREZ
M589CH197RUS,STEWART
O085E8197RUS,RICHARDSON
Y038E877RUS,WARD
7844C8197RUS,THOMPSON
92788M178RUS,RUIZ
7164YM36RUS,PETERSON
H968HY161RUS,ADAMS
O78097197RUS,PATEL
K338T8197RUS,ROGERS
9398MM199RUS,HARRIS
T018OX197RUS,LOPEZ
96629X178RUS,HARRIS
C412X938RUS,CARTER
C477M7161RUS,CARTER
9523M8178RUS,ROBINSON
Y8259C197RUS,MOORE
7370C8197RUS,HOWARD
C419X938RUS,STEWART
H232YH197RUS,RUIZ
Y163O8161RUS,REYES
Y305E877RUS,GRAY
8226XX154RUS,ALVAREZ
73467Y96RUS,WATSON
7784KT197RUS,JACKSON
9499KX178RUS,LEE
9470EX178RUS,WALKER
X767HY197RUS,FLORES
Y352O8197RUS,PATEL
Y963O8197RUS,JOHNSON
K379HY161RUS,ADAMS
708487163RUS,WALKER
H982HY161RUS,ROSS
M741T9152RUS,NELSON
Y232E877RUS,FOSTER
T016OX197RUS,HILL
Y7649C197RUS,CAMPBELL
97987H178RUS,REYES
Y964O8197RUS,PHILLIPS
934497178RUS,GONZALEZ
H214X836RUS,COOK
X763HY197RUS,HERNANDEZ
7361C8197RUS,JOHNSON
H967HY161RUS,NAME
97998K152RUS,MORALES
Y255E877RUS,GREEN
9881HX152RUS,RODRIGUEZ
8180XX154RUS,ADAMS
8603T8154RUS,RODRIGUEZ
K339T8197RUS,PATEL
9020YC197RUS,HOWARD
H976HY161RUS,NELSON
H963HY161RUS,MILLER
E53677152RUS,NAME
E577HE77RUS,ALVAREZ
M942OT152RUS,BENNETT
Y187O8161RUS,HALL
7064C8197RUS,THOMAS
8437XX154RUS,MILLER
C410X938RUS,WRIGHT
7184TT36RUS,WATSON
X582HE161RUS,CAMPBELL
707987163RUS,WARD
O21997197RUS,EVANS
M592CH197RUS,KELLY
8182XX154RUS,JAMES
7830C8197RUS,WATSON
M298CH161RUS,CASTILLO
E445TC197RUS,HILL
8440XX154RUS,WOOD
9371CE154RUS,SANCHEZ
9182CE154RUS,TORRES
83298C154RUS,GUTIERREZ
Y7659C197RUS,LONG
C922YE197RUS,ROGERS
7364C8197RUS,THOMPSON
M5039X197RUS,COX
O672E8197RUS,CLARK
E42277152RUS,ALVAREZ
C903MC161RUS,GARCIA
T7318T163RUS,KIM
T011MY163RUS,CASTILLO
H115YO163RUS,PATEL
O134HE197RUS,PRICE
Y654E8750RUS,MITCHELL
7843C8197RUS,RICHARDSON
X791O796RUS,LOPEZ
H958HY161RUS,YOUNG
708587163RUS,ALVAREZ
97977H178RUS,EDWARDS
8513XX154RUS,BAILEY
T870X7163RUS,CARTER
8818C877RUS,CRUZ
T395OT197RUS,WRIGHT
K327T8197RUS,WOOD
8311XX154RUS,JAMES
X423MK197RUS,CARTER
96429X178RUS,NAME
O275O7161RUS,PRICE
7789KT197RUS,YOUNG
E28877161RUS,KELLY
T6068M116RUS,PATEL
T6449O50RUS,TORRES
9683EC178RUS,SMITH
O719MM163RUS,ROSS
E535MM199RUS,CHAVEZ
7788KT197RUS,ROGERS
E807HE77RUS,JONES
M516CH161RUS,EVANS
89587X197RUS,ALLEN
7781KT197RUS,ROGERS
E645TH36RUS,RIVERA
Y302E877RUS,GONZALEZ
M058XE36RUS,LOPEZ
9408H7178RUS,SANDERS
8049HT125RUS,SANCHEZ
9698MO178RUS,TAYLOR
8685HE154RUS,TORRES
7177TT36RUS,ROSS
O77997197RUS,RODRIGUEZ
Y234E877RUS,BENNETT
X257HE161RUS,WILSON
H957HY161RUS,KING
T654HT96RUS,CAMPBELL
8439XX154RUS,GUTIERREZ
Y965EE197RUS,EDWARDS
X758HY197RUS,PARKER
M0279X197RUS,COOPER
H224X836RUS,ADAMS
E6849O154RUS,PRICE
O83797197RUS,MITCHELL
9402KK197RUS,STEWART
7368C8197RUS,DIAZ
H427YH197RUS,RICHARDSON
9583EY178RUS,CARTER
9822H8161RUS,COLLINS
7826C8197RUS,ROBINSON
E160YX77RUS,WRIGHT
82337X197RUS,SANDERS
X765HY197RUS,JAMES
T8008Y125RUS,REYES
Y960EE197RUS,HALL
7840C8197RUS,COX
Y655E8750RUS,PETERSON
H003MH197RUS,PETERSON
Y8399C197RUS,REYES
9135X938RUS,NGUYEN
H385TM197RUS,FOSTER
9428EX178RUS,MITCHELL
H837YK197RUS,MORALES
O83597197RUS,LEE
E42577152RUS,GARCIA
C476M7161RUS,PEREZ
9943KK197RUS,ADAMS
8165XX154RUS,THOMAS
C422X938RUS,RIVERA
K328T8197RUS,SMITH
9466EX178RUS,GREEN
X256HE161RUS,RIVERA
H217X836RUS,MITCHELL
Y316E877RUS,JACKSON
8601XX154RUS,HARRIS
9883HX152RUS,WOOD
704987163RUS,RIVERA
E316EH197RUS,BAILEY
O22297197RUS,ADAMS
T769OT197RUS,MORALES
Y778EE197RUS,RAMOS
7829C8197RUS,WOOD
T272HH163RUS,ROBINSON
9697MO178RUS,DAVIS
T686EO197RUS,ROBINSON
C590EY154RUS,WALKER
T941CC96RUS,ALVAREZ
O22397197RUS,MORALES
X242EC197RUS,JIMENEZ
T020OX197RUS,PARKER
E33577152RUS,ROGERS
E773EH197RUS,HUGHES
T6428M116RUS,MITCHELL
Y418EX197RUS,MYERS
E52877152RUS,ALVAREZ
7369C8197RUS,GONZALEZ
Y166O8161RUS,REYES
705287163RUS,LEWIS
M0299X197RUS,COOPER
84418C154RUS,KIM
E53488152RUS,RAMIREZ
90159H178RUS,ADAMS
C798ET50RUS,LOPEZ
Y193O8161RUS,GREEN
7248C8197RUS,JACKSON
K357YE77RUS,SANDERS
Y356O8197RUS,LEE
O6939X163RUS,STEWART
9935TE152RUS,WILSON
704687163RUS,LOPEZ
7197TT36RUS,EDWARDS
O143HO197RUS,ROBERTS
K436MO152RUS,TAYLOR
9938OH154RUS,MILLER
E34877152RUS,RAMOS
C584EY154RUS,KIM
E28977161RUS,COX
7363C8197RUS,MYERS
T6039O50RUS,MORGAN
7365C8197RUS,GRAY
Y967O8197RUS,WHITE
E816HE77RUS,GARCIA
X504X8197RUS,DIAZ
X523OM161RUS,MORRIS
8164XX154RUS,EVANS
T6419O50RUS,MILLER
E822TH36RUS,HERNANDEZ
7172TT36RUS,CRUZ
E79988152RUS,ROBERTS
T6309O50RUS,PRICE
X782CO96RUS,TAYLOR
E591HE77RUS,BAILEY
Y357O8197RUS,ROSS
Y652O8197RUS,HARRIS
H220X836RUS,HALL
H218X836RUS,TURNER
T913CT197RUS,COLLINS
8321XX154RUS,LOPEZ
8316XX154RUS,WOOD
H977HY161RUS,MITCHELL
X522OM161RUS,GOMEZ
705387163RUS,HILL
O017KO197RUS,WARD
X4138H125RUS,HILL
8441XX154RUS,ANDERSON
T483CT96RUS,CAMPBELL
O02397197RUS,FLORES
704787163RUS,FLORES
M386M9197RUS,ORTIZ
Y359EY197RUS,MORALES
T6559O50RUS,ROBINSON
Y6839Y50RUS,ALLEN
H237YH197RUS,BAKER
T948OM96RUS,MILLER
M301CH161RUS,THOMAS
9496KX178RUS,ORTIZ
H305T8197RUS,RUIZ
8201XX154RUS,TORRES
O64297197RUS,WALKER
T6229O50RUS,KIM
Y038TO197RUS,PHILLIPS
M0289X197RUS,EDWARDS
X795O796RUS,BENNETT
O39997197RUS,JONES
97968K152RUS,GUTIERREZ
T6169O50RUS,WATSON
9467EX178RUS,CLARK
X5707X161RUS,LONG
E552MO152RUS,KING
T477KX197RUS,YOUNG
T2639T116RUS,BENNETT
O49797197RUS,WATSON
72457Y96RUS,THOMAS
E948C8152RUS,WARD
C514X938RUS,THOMPSON
K899T8197RUS,ROSS
T6418M116RUS,COX
8607XX154RUS,CASTILLO
92778M178RUS,FLORES
T288CT96RUS,GARCIA
9886HX152RUS,PETERSON
C583EY154RUS,LONG
C592EY154RUS,GRAY
T6459O50RUS,REYES
X759HY197RUS,CAMPBELL
705787163RUS,ADAMS
92898M178RUS,COOPER
9671EC178RUS,MURPHY
M302CH161RUS,WALKER
M578CH197RUS,THOMPSON
Y207O8161RUS,JACKSON
96659X178RUS,GRAY
T912CT197RUS,HALL
7183TT36RUS,NGUYEN
89557X197RUS,BENNETT
Y359O8197RUS,LOPEZ
K2817K154RUS,NAME
E394MO152RUS,THOMPSON
O50699163RUS,MYERS
9463EX178RUS,STEWART
Y687HM197RUS,REED
98037H178RUS,HOWARD
7828C8197RUS,RICHARDSON
H980HY161RUS,ROBERTS
H906YK197RUS,GUTIERREZ
X908XC197RUS,GRAY
K2797K154RUS,GARCIA
7089H8163RUS,CARTER
7841C8197RUS,GRAY
9940KK197RUS,PRICE
H971HY161RUS,MURPHY
H844YH197RUS,BAKER
E33477152RUS,ORTIZ
E396MO152RUS,WRIGHT
Y969O8197RUS,EVANS
9028CO161RUS,LEWIS
T6249O50RUS,MARTIN
E42377152RUS,JAMES
9941KK197RUS,COLLINS
M372CH197RUS,CAMPBELL
E41577152RUS,SCOTT
9763HY161RUS,REED
T535ET96RUS,WARD
H961HY161RUS,COX
M2169X197RUS,BAILEY
8234XX154RUS,MOORE
O83697197RUS,SANCHEZ
E52677152RUS,BROOKS
8451M7154RUS,RODRIGUEZ
H907YK197RUS,SANDERS
M3879X197RUS,NAME
C299K9154RUS,WRIGHT
M375CH197RUS,BENNETT
8224XX154RUS,GARCIA
Y653E8750RUS,TORRES
M256OH161RUS,KIM
K27188138RUS,ROSS
T479KX197RUS,HALL
M680T9152RUS,SMITH
X762HY197RUS,PARKER
X4128H125RUS,HARRIS
9762HY161RUS,SCOTT
H419XE197RUS,SCOTT
98017H178RUS,ALLEN
9943OH154RUS,RODRIGUEZ
E28777161RUS,ROGERS
9072EM178RUS,PATEL
9409H7178RUS,EDWARDS
C3829X154RUS,ALVAREZ
T478KX197RUS,LEWIS
T119CT96RUS,NAME
H983HY161RUS,WILLIAMS
7842C8197RUS,TAYLOR
O64097197RUS,FLORES
Y693HM197RUS,PHILLIPS
96857X197RUS,PRICE
T394KX197RUS,GREEN
O49897197RUS,SMITH
H963X936RUS,MARTINEZ
T341CC96RUS,PRICE
9141H8178RUS,PARKER
9890HX152RUS,BAKER
M268CH197RUS,LEWIS
M0319X197RUS,NGUYEN
M577CH197RUS,CHAVEZ
H975HY161RUS,GARCIA
X018HY197RUS,RODRIGUEZ
E33177152RUS,BROWN
9491H7178RUS,SCOTT
M374CH197RUS,LEWIS
96679X178RUS,ALLEN
9594HY161RUS,COLLINS
9764HY161RUS,MARTINEZ
708187163RUS,KELLY
H908YK197RUS,RUIZ
Y656E8750RUS,JOHNSON
9679EC178RUS,KING
C803KE163RUS,RICHARDSON
Y7379Y50RUS,COLLINS
X320MK197RUS,REYES
96907X197RUS,ALLEN
H235YH197RUS,HOWARD
9474EX178RUS,JIMENEZ
E29577161RUS,ALVAREZ
X761HY197RUS,FLORES
T396KX197RUS,COLLINS
C593EY154RUS,FLORES
Y164O8161RUS,TURNER
Y7429Y50RUS,LONG
Y195O8161RUS,SMITH
O669E8197RUS,DIAZ
9677MO178RUS,MORRIS
9939KK197RUS,MARTIN
M373CH197RUS,BROWN
O753MX161RUS,BAILEY
T6488M116RUS,EDWARDS
98047H178RUS,GRAY
9488EY178RUS,WARD
K326T8197RUS,ROBERTS
X796TH96RUS,CAMPBELL
C420X938RUS,PEREZ
Y965O8197RUS,ANDERSON
Y274O8197RUS,WOOD
E223YM197RUS,FOSTER
Y964EE197RUS,BAKER
T6049O50RUS,MYERS
H259HY161RUS,WRIGHT
Y344E877RUS,JIMENEZ
K889HY161RUS,GREEN
7360C8197RUS,CHAVEZ
Y194O8161RUS,LONG
T6359O50RUS,RIVERA
E29677161RUS,LEWIS
T020MM116RUS,LEE
9502XX38RUS,MURPHY
8521XX154RUS,TAYLOR
K376HE161RUS,RAMOS
7193TT36RUS,WARD
O785T9163RUS,RAMIREZ
H618YC38RUS,MORRIS
9068EM178RUS,FOSTER
7783KT197RUS,THOMAS
E881OT197RUS,SANCHEZ
O718MM163RUS,BENNETT
9975CC77RUS,GUTIERREZ
T195OK161RUS,GRAY
E41977152RUS,PRICE
9464EX178RUS,LEE
O50197197RUS,HARRIS
W65748364RUS,TSATURYAN
F34867728RUS,HOVANNISYAN
T12345678RUS,MINASYAN
